#OTU ID	sampleID_1	sampleID_1a	sampleID_2	sampleID_2a
ASV_1	150	4	304	1
ASV_10	0	37	0	36
ASV_100	6	0	0	3
ASV_101	3	0	5	1
ASV_102	6	0	4	0
ASV_103	0	5	0	2
ASV_104	0	5	1	9
ASV_105	0	3	0	5
ASV_106	0	6	0	2
ASV_107	0	6	2	8
ASV_108	0	4	0	4
ASV_109	0	2	0	6
ASV_11	33	1	26	10
ASV_110	0	3	4	1
ASV_111	0	2	0	5
ASV_112	0	6	2	5
ASV_113	7	1	2	0
ASV_114	1	1	5	0
ASV_115	2	0	4	0
ASV_116	1	0	5	0
ASV_117	2	0	4	1
ASV_118	5	0	3	0
ASV_119	4	0	4	0
ASV_12	0	34	0	45
ASV_120	5	0	2	0
ASV_121	3	3	2	4
ASV_122	2	0	8	0
ASV_123	4	0	2	0
ASV_124	4	0	5	2
ASV_125	0	6	0	6
ASV_126	1	11	3	5
ASV_127	0	9	0	2
ASV_128	0	2	0	5
ASV_129	0	4	0	3
ASV_13	22	3	32	4
ASV_130	0	1	0	5
ASV_131	0	6	1	7
ASV_132	0	4	0	2
ASV_133	0	5	1	2
ASV_134	0	4	0	3
ASV_135	0	2	0	4
ASV_136	0	10	0	2
ASV_137	0	4	0	3
ASV_138	0	3	2	1
ASV_139	0	3	0	3
ASV_14	0	29	0	35
ASV_140	0	6	0	0
ASV_141	0	3	1	5
ASV_142	1	3	2	4
ASV_143	0	0	6	0
ASV_144	0	0	7	0
ASV_145	1	6	1	1
ASV_146	1	0	7	0
ASV_147	1	0	4	0
ASV_148	5	0	0	0
ASV_149	2	0	3	0
ASV_15	17	4	38	1
ASV_150	3	1	0	1
ASV_151	2	0	4	0
ASV_152	5	0	2	0
ASV_153	4	5	0	1
ASV_154	1	0	4	0
ASV_155	0	3	0	3
ASV_156	0	2	0	5
ASV_157	0	1	0	4
ASV_158	0	4	0	3
ASV_159	0	4	0	1
ASV_16	1	22	5	26
ASV_160	0	7	0	1
ASV_161	0	3	0	2
ASV_162	0	2	0	5
ASV_163	0	1	2	7
ASV_164	0	6	0	1
ASV_165	0	1	0	4
ASV_166	0	4	0	4
ASV_167	0	1	1	4
ASV_168	0	4	0	2
ASV_169	0	1	3	4
ASV_17	16	3	7	17
ASV_170	0	3	0	3
ASV_171	0	5	1	1
ASV_172	0	4	0	1
ASV_173	0	3	0	2
ASV_174	0	1	0	5
ASV_175	0	6	0	4
ASV_176	0	5	0	2
ASV_177	0	1	2	3
ASV_178	0	4	0	1
ASV_179	0	3	0	4
ASV_18	13	0	29	0
ASV_180	0	3	0	2
ASV_181	0	2	0	3
ASV_182	0	5	0	9
ASV_183	0	0	7	0
ASV_184	0	0	4	2
ASV_185	0	1	0	6
ASV_186	6	0	1	0
ASV_187	1	0	3	0
ASV_188	4	0	1	1
ASV_189	1	0	4	0
ASV_19	13	9	12	10
ASV_190	2	0	4	0
ASV_191	3	0	2	0
ASV_192	2	0	7	0
ASV_193	2	0	2	0
ASV_194	3	0	4	0
ASV_195	4	0	0	0
ASV_196	3	3	2	3
ASV_197	5	1	2	2
ASV_198	3	0	3	0
ASV_199	6	0	1	0
ASV_2	0	145	1	140
ASV_20	3	22	0	21
ASV_200	2	0	3	0
ASV_201	10	0	3	1
ASV_202	1	1	2	0
ASV_203	2	0	5	0
ASV_204	3	0	2	1
ASV_205	5	1	3	0
ASV_206	3	0	1	0
ASV_207	4	0	0	0
ASV_208	5	0	4	0
ASV_209	4	0	1	0
ASV_21	27	0	15	2
ASV_210	1	0	3	0
ASV_211	0	2	0	2
ASV_212	0	7	0	3
ASV_213	0	1	0	3
ASV_214	0	1	0	3
ASV_215	0	2	0	4
ASV_216	0	5	1	1
ASV_217	0	4	3	5
ASV_218	0	3	0	2
ASV_219	0	2	1	5
ASV_22	12	2	28	0
ASV_220	0	2	0	2
ASV_221	0	1	0	3
ASV_222	0	3	0	1
ASV_223	0	4	0	2
ASV_224	0	3	0	3
ASV_225	0	2	0	2
ASV_226	0	1	0	3
ASV_227	0	1	3	0
ASV_228	0	2	0	3
ASV_229	0	3	0	1
ASV_23	0	23	3	10
ASV_230	0	2	1	1
ASV_231	0	2	2	1
ASV_232	0	9	0	7
ASV_233	0	4	0	0
ASV_234	0	3	0	5
ASV_235	0	4	0	5
ASV_236	0	3	0	1
ASV_237	0	3	0	1
ASV_238	0	2	0	4
ASV_239	0	3	0	1
ASV_24	3	19	2	16
ASV_240	0	5	0	1
ASV_241	0	2	0	2
ASV_242	0	2	0	2
ASV_243	0	3	0	3
ASV_244	0	2	0	2
ASV_245	2	2	0	2
ASV_246	0	1	0	3
ASV_247	0	4	0	1
ASV_248	0	5	0	3
ASV_249	0	4	0	1
ASV_25	15	0	16	0
ASV_250	0	2	0	2
ASV_251	0	2	1	2
ASV_252	0	2	0	6
ASV_253	0	2	1	2
ASV_254	1	1	2	2
ASV_255	0	0	5	0
ASV_256	0	0	2	2
ASV_257	0	0	4	1
ASV_258	0	0	5	0
ASV_259	1	0	5	0
ASV_26	0	21	0	12
ASV_260	2	0	4	1
ASV_261	0	0	4	0
ASV_262	0	0	2	2
ASV_263	0	0	6	2
ASV_264	0	0	2	2
ASV_265	0	1	0	4
ASV_266	0	0	0	4
ASV_267	0	0	0	4
ASV_27	12	0	18	0
ASV_28	6	0	20	0
ASV_29	0	13	0	15
ASV_3	63	2	130	1
ASV_30	3	15	0	12
ASV_31	2	2	18	3
ASV_32	0	16	0	6
ASV_33	0	11	0	16
ASV_34	8	3	3	9
ASV_35	22	0	0	1
ASV_36	2	0	25	0
ASV_37	0	11	0	12
ASV_38	0	15	0	8
ASV_39	0	10	0	11
ASV_4	83	12	58	7
ASV_40	0	7	0	13
ASV_41	0	13	1	12
ASV_42	0	11	0	7
ASV_43	0	12	0	8
ASV_44	0	11	0	8
ASV_45	0	4	6	13
ASV_46	0	4	1	19
ASV_47	0	11	0	7
ASV_48	11	0	12	0
ASV_49	0	5	0	12
ASV_5	50	0	86	0
ASV_50	0	6	0	13
ASV_51	0	13	0	7
ASV_52	0	13	0	9
ASV_53	18	0	0	0
ASV_54	0	2	12	1
ASV_55	0	6	3	9
ASV_56	17	0	4	0
ASV_57	11	2	4	0
ASV_58	1	13	0	4
ASV_59	0	10	0	6
ASV_6	70	4	29	36
ASV_60	0	6	0	7
ASV_61	0	5	0	9
ASV_62	9	1	4	1
ASV_63	3	3	10	0
ASV_64	12	0	0	0
ASV_65	1	9	0	5
ASV_66	6	0	6	0
ASV_67	6	1	7	0
ASV_68	0	8	1	7
ASV_69	0	4	0	7
ASV_7	74	3	41	7
ASV_70	0	5	0	11
ASV_71	0	4	0	8
ASV_72	0	4	0	7
ASV_73	1	7	0	4
ASV_74	4	0	11	0
ASV_75	0	8	1	6
ASV_76	0	8	0	7
ASV_77	0	6	0	4
ASV_78	3	0	10	0
ASV_79	3	0	8	0
ASV_8	0	58	0	66
ASV_80	12	1	0	2
ASV_81	0	8	0	6
ASV_82	0	6	0	6
ASV_83	0	5	0	4
ASV_84	0	5	0	6
ASV_85	0	8	1	6
ASV_86	0	6	0	4
ASV_87	1	0	9	0
ASV_88	3	0	7	1
ASV_89	4	0	4	1
ASV_9	6	48	0	46
ASV_90	6	0	2	1
ASV_91	1	0	8	0
ASV_92	0	10	0	6
ASV_93	0	6	0	5
ASV_94	0	4	0	6
ASV_95	0	2	1	7
ASV_96	0	5	0	9
ASV_97	0	2	4	4
ASV_98	0	4	0	4
ASV_99	7	0	2	0
